{
  "version": 1,
  "author": "Gautam Ahuja",
  "editor": "wokwi",
  "parts": [
    { "type": "wokwi-arduino-uno", "id": "uno", "top": 95.89, "left": 70.09, "attrs": {} },
    { "type": "wokwi-ky-040", "id": "encoder1", "top": 17.13, "left": -31.92, "attrs": {} },
    {
      "type": "wokwi-buzzer",
      "id": "bz1",
      "top": -168.96,
      "left": 298.91,
      "attrs": { "volume": "0.1" }
    },
    {
      "type": "wokwi-lcd1602",
      "id": "lcd1",
      "top": 115.29,
      "left": 22.14,
      "attrs": { "pins": "i2c" }
    }
  ],
  "connections": [
    [ "encoder1:CLK", "uno:2", "orange", [ "h0" ] ],
    [ "encoder1:DT", "uno:3", "blue", [ "h0" ] ],
    [ "encoder1:SW", "uno:4", "violet", [ "h0" ] ],
    [ "encoder1:GND", "uno:GND.1", "black", [ "h0" ] ],
    [ "encoder1:VCC", "uno:5V", "red", [ "h221.14", "v261.48", "h-119.59" ] ],
    [ "bz1:2", "uno:5", "red", [ "v32.24", "h-123.73" ] ],
    [ "bz1:1", "uno:GND.1", "black", [ "v19.79", "h-134.68" ] ],
    [ "lcd1:GND", "uno:GND.1", "black", [ "h0" ] ],
    [ "lcd1:GND", "encoder1:GND", "black", [ "h0" ] ],
    [ "lcd1:VCC", "encoder1:VCC", "red", [ "h0" ] ],
    [ "lcd1:SDA", "uno:A4.2", "green", [ "h0" ] ],
    [ "lcd1:SCL", "uno:A5.2", "green", [ "h0" ] ],
    [ "lcd1:VCC", "uno:GND.2", "red", [ "h0" ] ],
    [ "encoder1:VCC", "uno:GND.3", "red", [ "h0" ] ]
  ]
}